Source,Boat Name,Trip Type,Anglers,Fish Count
pointloma,Daily Double,1/2 Day AM,10,"30 Calico Bass, 4 Barred Sand Bass, 3 Yellowtail, 2 Halibut, 1 Sculpin"
seaforth,New Seaforth,1/2 Day AM,29,"38 Calico Bass, 8 Sand Bass, 7 Whitefish, 2 Sculpin, 2 Sheephead"
seaforth,New Seaforth,1/2 Day PM,33,"49 Calico Bass, 20 Barracuda, 13 Sheephead, 8 Whitefish, 7 Sculpin, 4 Sand Bass, 3 Bonito"
oceanside,Chubasco II,3/4 Day,26,"200 Calico Bass Released, 39 Calico Bass, 15 Bonito, 10 Yellowtail, 8 Barracuda, 7 Sheephead, 5 Whitefish, 3 Sand Bass, 1 Sculpin"
fisherman,Dolphin,3/4 Day,28,"82 Calico Bass, 50 Calico Bass Released, 46 Yellowtail (up to 25 pounds), 23 Whitefish, 19 Sculpin, 17 Sheephead, 4 Bonito, 1 White Seabass (up to 43 pounds)"
seaforth,San Diego,Full Day Offshore,36,"58 Yellowfin Tuna, 6 Skipjack Tuna, 6 Yellowtail, 4 Dorado"
seaforth,Sea Watch,Full Day Offshore,24,"56 Yellowfin Tuna, 39 Skipjack Tuna, 7 Yellowtail"
seaforth,Voyager,Full Day Offshore,20,"32 Yellowfin Tuna, 16 Skipjack Tuna, 4 Yellowtail"
fisherman,Constitution,Overnight,21,"25 Yellowfin Tuna, 1 Yellowtail"
fisherman,Tomahawk,3 Day,8,"26 Bluefin Tuna, 24 Yellowfin Tuna, 7 Yellowtail, 1 Dorado"
